{"cameraMode":{"drawMode":0,"name":"Shaded","section":"Shading Mode"},"sceneLighting":true,"audioPlay":false,"sceneViewState":{"showFog":true,"showMaterialUpdate":false,"showSkybox":true,"showFlares":true,"showImageEffects":true,"showParticleSystems":true},"in2DMode":false,"pivot":{"x":3.4127981662750246,"y":-9.385295867919922,"z":2.152611017227173},"rotation":{"x":0.25181254744529726,"y":0.5976248383522034,"z":-0.20529775321483613,"w":0.7330111265182495},"size":21.649269104003908,"orthographic":false}